{
  "SimulinkVersion": "10.2",
  "Options": [
    {
      "name": "Version",
      "description": "Please don't manually edit this file.",
      "value": "1.0"
    },
    {
      "name": "SuppressWarnOnMALoadConfigMissCorrespondCheck",
      "description": "Suppress warning message for missing checks when loading configuration.",
      "value": false
    },
    {
      "name": "overrideSLDVTimeoutCB",
      "description": "Override Simulink Design Verifier analysis time-out",
      "value": false
    },
    {
      "name": "SLDVTimeOut",
      "description": "Analysis Time-out",
      "value": "300"
    }
  ],
  "Tree": [
    {
      "id": "SysRoot",
      "label": "Model Advisor Configuration Editor",
      "enable": true,
      "CSHParameters": [],
      "helpPath": "",
      "oldid": "",
      "oldparent": "",
      "InputParametersCallback": false,
      "InputParametersLayoutGrid_row": 0,
      "InputParametersLayoutGrid_col": 0,
      "description": "",
      "InputParameters": [],
      "originalnodeid": "SysRoot",
      "ProductName": "",
      "check": true,
      "iscompile": false,
      "checkid": null,
      "searchdata": "Model Advisor Configuration Editor \u0000 ",
      "iconUri": "/toolbox/simulink/simulink/modeladvisor/resources/mace.png",
      "parent": null
    },
    {
      "id": "SysRoot_Modeling Standards for ISO 26262",
      "label": "Modeling Standards for ISO 26262",
      "enable": true,
      "CSHParameters": {
        "MapKey": "ma.simulink",
        "TopicID": "iso26262_overview"
      },
      "helpPath": "",
      "oldid": "_SYSTEM_By Task_ISO26262",
      "oldparent": "_SYSTEM_By Task",
      "InputParametersCallback": false,
      "InputParametersLayoutGrid_row": 0,
      "InputParametersLayoutGrid_col": 0,
      "description": "Checks that facilitate designing and troubleshooting models, subsystems, and the corresponding generated code for applications to comply with ISO 262626",
      "InputParameters": [],
      "originalnodeid": "_SYSTEM_By Task_ISO26262",
      "ProductName": "",
      "Severity": "",
      "check": true,
      "iscompile": false,
      "isedittime": false,
      "isblockconstraint": false,
      "iconUri": "/toolbox/simulink/simulink/modeladvisor/private/icon_folder.png",
      "checkid": null,
      "searchdata": "Modeling Standards for ISO 26262 Checks that facilitate designing and troubleshooting models, subsystems, and the corresponding generated code for applications to comply with ISO 262626",
      "runStatus": "notRun",
      "parent": "SysRoot"
    },
    {
      "id": "SysRoot_Modeling Standards for ISO 26262_mathworks.iec61508.MdlVersionInfo",
      "label": "Display configuration management data",
      "enable": true,
      "CSHParameters": {
        "MapKey": "ma.iec61508",
        "TopicID": "com.mw.slvnv.iec61508ModelVersionInfo"
      },
      "helpPath": "",
      "oldid": "_SYSTEM_By Task_ISO26262_mathworks.iec61508.MdlVersionInfo",
      "oldparent": "_SYSTEM_By Task_ISO26262",
      "InputParametersCallback": false,
      "InputParametersLayoutGrid_row": 0,
      "InputParametersLayoutGrid_col": 0,
      "description": "Display model configuration and checksum information",
      "InputParameters": [],
      "originalnodeid": "_SYSTEM_By Task_ISO26262_mathworks.iec61508.MdlVersionInfo",
      "ProductName": "Simulink; Simulink Check",
      "Severity": "Optional",
      "check": true,
      "iscompile": true,
      "isedittime": false,
      "isblockconstraint": false,
      "iconUri": "/toolbox/simulink/simulink/modeladvisor/private/compile_16.png",
      "checkid": "mathworks.iec61508.MdlVersionInfo",
      "searchdata": "Display configuration management data mathworks.iec61508.MdlVersionInfo Display model configuration and checksum information",
      "runStatus": "notRun",
      "parent": "SysRoot_Modeling Standards for ISO 26262"
    },
    {
      "id": "SysRoot_Modeling Standards for ISO 26262_mathworks.iec61508.MdlMetricsInfo",
      "label": "Display model metrics and complexity report",
      "enable": true,
      "CSHParameters": {
        "MapKey": "ma.iec61508",
        "TopicID": "com.mw.slvnv.iec61508ModelMetricsInfo"
      },
      "helpPath": "",
      "oldid": "_SYSTEM_By Task_ISO26262_mathworks.iec61508.MdlMetricsInfo",
      "oldparent": "_SYSTEM_By Task_ISO26262",
      "InputParametersCallback": false,
      "InputParametersLayoutGrid_row": 0,
      "InputParametersLayoutGrid_col": 0,
      "description": "Display number of elements and name, level, and depth of subsystems for the model or subsystem",
      "InputParameters": [],
      "originalnodeid": "_SYSTEM_By Task_ISO26262_mathworks.iec61508.MdlMetricsInfo",
      "ProductName": "Simulink; Simulink Check; Stateflow",
      "Severity": "Optional",
      "check": true,
      "iscompile": false,
      "isedittime": false,
      "isblockconstraint": false,
      "iconUri": "/toolbox/simulink/simulink/modeladvisor/private/no_compile_16.png",
      "checkid": "mathworks.iec61508.MdlMetricsInfo",
      "searchdata": "Display model metrics and complexity report mathworks.iec61508.MdlMetricsInfo Display number of elements and name, level, and depth of subsystems for the model or subsystem",
      "runStatus": "notRun",
      "parent": "SysRoot_Modeling Standards for ISO 26262"
    },
    {
      "id": "SysRoot_Modeling Standards for ISO 26262_mathworks.iec61508.UnconnectedObjects",
      "label": "Check for unconnected objects",
      "enable": true,
      "CSHParameters": {
        "MapKey": "ma.iec61508",
        "TopicID": "com.mw.slvnv.iec61508UnconnectedObjects"
      },
      "helpPath": "",
      "oldid": "_SYSTEM_By Task_ISO26262_mathworks.iec61508.UnconnectedObjects",
      "oldparent": "_SYSTEM_By Task_ISO26262",
      "InputParametersCallback": false,
      "InputParametersLayoutGrid_row": 0,
      "InputParametersLayoutGrid_col": 0,
      "description": "Identify unconnected lines, input ports, and output ports in the model",
      "InputParameters": [],
      "originalnodeid": "_SYSTEM_By Task_ISO26262_mathworks.iec61508.UnconnectedObjects",
      "ProductName": "Simulink; Simulink Check",
      "Severity": "Optional",
      "check": true,
      "iscompile": false,
      "isedittime": false,
      "isblockconstraint": false,
      "iconUri": "/toolbox/simulink/simulink/modeladvisor/private/no_compile_16.png",
      "checkid": "mathworks.iec61508.UnconnectedObjects",
      "searchdata": "Check for unconnected objects mathworks.iec61508.UnconnectedObjects Identify unconnected lines, input ports, and output ports in the model",
      "runStatus": "notRun",
      "parent": "SysRoot_Modeling Standards for ISO 26262"
    },
    {
      "id": "SysRoot_Modeling Standards for ISO 26262_High-Integrity Systems",
      "label": "High-Integrity Systems",
      "enable": true,
      "CSHParameters": {
        "MapKey": "ma.hism",
        "TopicID": "mathworks.hism.overview"
      },
      "helpPath": "",
      "oldid": "_SYSTEM_By Task_hisl_ISO26262",
      "oldparent": "_SYSTEM_By Task_ISO26262",
      "InputParametersCallback": false,
      "InputParametersLayoutGrid_row": 0,
      "InputParametersLayoutGrid_col": 0,
      "description": "Group of High-Integrity Checks",
      "InputParameters": [],
      "originalnodeid": "_SYSTEM_By Task_hisl_ISO26262",
      "ProductName": "",
      "Severity": "",
      "check": true,
      "iscompile": false,
      "isedittime": false,
      "isblockconstraint": false,
      "iconUri": "/toolbox/simulink/simulink/modeladvisor/private/icon_folder.png",
      "checkid": null,
      "searchdata": "High-Integrity Systems Group of High-Integrity Checks",
      "runStatus": "notRun",
      "parent": "SysRoot_Modeling Standards for ISO 26262"
    },
    {
      "id": "SysRoot_Modeling Standards for ISO 26262_High-Integrity Systems_Simulink",
      "label": "Simulink",
      "enable": true,
      "CSHParameters": {
        "MapKey": "ma.hism",
        "TopicID": "mathworks.hism.task_simulink"
      },
      "helpPath": "",
      "oldid": "_SYSTEM_By Task_hisl_ISO26262.simulink",
      "oldparent": "_SYSTEM_By Task_hisl_ISO26262",
      "InputParametersCallback": false,
      "InputParametersLayoutGrid_row": 0,
      "InputParametersLayoutGrid_col": 0,
      "description": "Simulink Block checks",
      "InputParameters": [],
      "originalnodeid": "_SYSTEM_By Task_hisl_ISO26262.simulink",
      "ProductName": "",
      "Severity": "",
      "check": true,
      "iscompile": false,
      "isedittime": false,
      "isblockconstraint": false,
      "iconUri": "/toolbox/simulink/simulink/modeladvisor/private/icon_folder.png",
      "checkid": null,
      "searchdata": "Simulink Simulink Block checks",
      "runStatus": "notRun",
      "parent": "SysRoot_Modeling Standards for ISO 26262_High-Integrity Systems"
    },
    {
      "id": "SysRoot_Modeling Standards for ISO 26262_High-Integrity Systems_Stateflow",
      "label": "Stateflow",
      "enable": true,
      "CSHParameters": {
        "MapKey": "ma.hism",
        "TopicID": "mathworks.hism.task_stateflow"
      },
      "helpPath": "",
      "oldid": "_SYSTEM_By Task_hisl_ISO26262.stateflow",
      "oldparent": "_SYSTEM_By Task_hisl_ISO26262",
      "InputParametersCallback": false,
      "InputParametersLayoutGrid_row": 0,
      "InputParametersLayoutGrid_col": 0,
      "description": "Stateflow checks",
      "InputParameters": [],
      "originalnodeid": "_SYSTEM_By Task_hisl_ISO26262.stateflow",
      "ProductName": "",
      "Severity": "",
      "check": true,
      "iscompile": false,
      "isedittime": false,
      "isblockconstraint": false,
      "iconUri": "/toolbox/simulink/simulink/modeladvisor/private/icon_folder.png",
      "checkid": null,
      "searchdata": "Stateflow Stateflow checks",
      "runStatus": "notRun",
      "parent": "SysRoot_Modeling Standards for ISO 26262_High-Integrity Systems"
    },
    {
      "id": "SysRoot_Modeling Standards for ISO 26262_High-Integrity Systems_MATLAB",
      "label": "MATLAB",
      "enable": true,
      "CSHParameters": {
        "MapKey": "ma.hism",
        "TopicID": "mathworks.hism.task_matlab"
      },
      "helpPath": "",
      "oldid": "_SYSTEM_By Task_hisl_ISO26262.matlab",
      "oldparent": "_SYSTEM_By Task_hisl_ISO26262",
      "InputParametersCallback": false,
      "InputParametersLayoutGrid_row": 0,
      "InputParametersLayoutGrid_col": 0,
      "description": "MATLAB checks",
      "InputParameters": [],
      "originalnodeid": "_SYSTEM_By Task_hisl_ISO26262.matlab",
      "ProductName": "",
      "Severity": "",
      "check": true,
      "iscompile": false,
      "isedittime": false,
      "isblockconstraint": false,
      "iconUri": "/toolbox/simulink/simulink/modeladvisor/private/icon_folder.png",
      "checkid": null,
      "searchdata": "MATLAB MATLAB checks",
      "runStatus": "notRun",
      "parent": "SysRoot_Modeling Standards for ISO 26262_High-Integrity Systems"
    },
    {
      "id": "SysRoot_Modeling Standards for ISO 26262_High-Integrity Systems_Configuration",
      "label": "Configuration",
      "enable": true,
      "CSHParameters": {
        "MapKey": "ma.hism",
        "TopicID": "mathworks.hism.task_configuration"
      },
      "helpPath": "",
      "oldid": "_SYSTEM_By Task_hisl_ISO26262.configuration",
      "oldparent": "_SYSTEM_By Task_hisl_ISO26262",
      "InputParametersCallback": false,
      "InputParametersLayoutGrid_row": 0,
      "InputParametersLayoutGrid_col": 0,
      "description": "Configuration Parameter checks",
      "InputParameters": [],
      "originalnodeid": "_SYSTEM_By Task_hisl_ISO26262.configuration",
      "ProductName": "",
      "Severity": "",
      "check": true,
      "iscompile": false,
      "isedittime": false,
      "isblockconstraint": false,
      "iconUri": "/toolbox/simulink/simulink/modeladvisor/private/icon_folder.png",
      "checkid": null,
      "searchdata": "Configuration Configuration Parameter checks",
      "runStatus": "notRun",
      "parent": "SysRoot_Modeling Standards for ISO 26262_High-Integrity Systems"
    },
    {
      "id": "SysRoot_Modeling Standards for ISO 26262_High-Integrity Systems_Naming",
      "label": "Naming",
      "enable": true,
      "CSHParameters": {
        "MapKey": "ma.hism",
        "TopicID": "mathworks.hism.task_naming"
      },
      "helpPath": "",
      "oldid": "_SYSTEM_By Task_hisl_ISO26262.naming",
      "oldparent": "_SYSTEM_By Task_hisl_ISO26262",
      "InputParametersCallback": false,
      "InputParametersLayoutGrid_row": 0,
      "InputParametersLayoutGrid_col": 0,
      "description": "Naming convention checks",
      "InputParameters": [],
      "originalnodeid": "_SYSTEM_By Task_hisl_ISO26262.naming",
      "ProductName": "",
      "Severity": "",
      "check": true,
      "iscompile": false,
      "isedittime": false,
      "isblockconstraint": false,
      "iconUri": "/toolbox/simulink/simulink/modeladvisor/private/icon_folder.png",
      "checkid": null,
      "searchdata": "Naming Naming convention checks",
      "runStatus": "notRun",
      "parent": "SysRoot_Modeling Standards for ISO 26262_High-Integrity Systems"
    },
    {
      "id": "SysRoot_Modeling Standards for ISO 26262_High-Integrity Systems_Code",
      "label": "Code",
      "enable": true,
      "CSHParameters": {
        "MapKey": "ma.hism",
        "TopicID": "mathworks.hism.task_code"
      },
      "helpPath": "",
      "oldid": "_SYSTEM_By Task_hisl_ISO26262.code",
      "oldparent": "_SYSTEM_By Task_hisl_ISO26262",
      "InputParametersCallback": false,
      "InputParametersLayoutGrid_row": 0,
      "InputParametersLayoutGrid_col": 0,
      "description": "Checks related to generated code",
      "InputParameters": [],
      "originalnodeid": "_SYSTEM_By Task_hisl_ISO26262.code",
      "ProductName": "",
      "Severity": "",
      "check": true,
      "iscompile": false,
      "isedittime": false,
      "isblockconstraint": false,
      "iconUri": "/toolbox/simulink/simulink/modeladvisor/private/icon_folder.png",
      "checkid": null,
      "searchdata": "Code Checks related to generated code",
      "runStatus": "notRun",
      "parent": "SysRoot_Modeling Standards for ISO 26262_High-Integrity Systems"
    },
    {
      "id": "SysRoot_Modeling Standards for ISO 26262_High-Integrity Systems_Simulink_mathworks.hism.hisl_0006",
      "label": "Check usage of While Iterator blocks",
      "enable": true,
      "CSHParameters": {
        "MapKey": "ma.hism",
        "TopicID": "mathworks.hism.hisl_0006"
      },
      "helpPath": "",
      "oldid": "_SYSTEM_By Task_hisl_ISO26262.simulink_mathworks.hism.hisl_0006",
      "oldparent": "_SYSTEM_By Task_hisl_ISO26262.simulink",
      "InputParametersCallback": false,
      "InputParametersLayoutGrid_row": 0,
      "InputParametersLayoutGrid_col": 0,
      "description": "hisl_0006: Usage of While Iterator blocks\n\nIdentify While Iterator blocks that do not have a positive value for the maximum number of iterations.",
      "InputParameters": [
        {
          "name": "Follow links",
          "index": 1,
          "type": "Enum",
          "visible": false,
          "entries": [
            "on",
            "off"
          ],
          "value": "on",
          "rowspan1": 1,
          "rowspan2": 1,
          "colspan1": 1,
          "colspan2": 2,
          "isenable": true
        },
        {
          "name": "Look under masks",
          "index": 2,
          "type": "Enum",
          "visible": false,
          "entries": [
            "none",
            "graphical",
            "functional",
            "all"
          ],
          "value": "all",
          "rowspan1": 1,
          "rowspan2": 1,
          "colspan1": 3,
          "colspan2": 4,
          "isenable": true
        }
      ],
      "originalnodeid": "_SYSTEM_By Task_hisl_ISO26262.simulink_mathworks.hism.hisl_0006",
      "ProductName": "Simulink; Simulink Check",
      "Severity": "Optional",
      "check": true,
      "iscompile": false,
      "isedittime": false,
      "isblockconstraint": false,
      "iconUri": "/toolbox/simulink/simulink/modeladvisor/private/no_compile_16.png",
      "checkid": "mathworks.hism.hisl_0006",
      "searchdata": "Check usage of While Iterator blocks mathworks.hism.hisl_0006 hisl_0006: Usage of While Iterator blocks\n\nIdentify While Iterator blocks that do not have a positive value for the maximum number of iterations.",
      "runStatus": "notRun",
      "parent": "SysRoot_Modeling Standards for ISO 26262_High-Integrity Systems_Simulink"
    },
    {
      "id": "SysRoot_Modeling Standards for ISO 26262_High-Integrity Systems_Simulink_mathworks.hism.hisl_0007",
      "label": "Check usage of For and While Iterator subsystems",
      "enable": true,
      "CSHParameters": {
        "MapKey": "ma.hism",
        "TopicID": "mathworks.hism.hisl_0007"
      },
      "helpPath": "",
      "oldid": "_SYSTEM_By Task_hisl_ISO26262.simulink_mathworks.hism.hisl_0007",
      "oldparent": "_SYSTEM_By Task_hisl_ISO26262.simulink",
      "InputParametersCallback": false,
      "InputParametersLayoutGrid_row": 0,
      "InputParametersLayoutGrid_col": 0,
      "description": "hisl_0007: Usage of For Iterator or While Iterator subsystems\n\nIdentify sample time-dependent blocks in While and For Iterator subsystems.",
      "InputParameters": [
        {
          "name": "Follow links",
          "index": 1,
          "type": "Enum",
          "visible": false,
          "entries": [
            "on",
            "off"
          ],
          "value": "on",
          "rowspan1": 1,
          "rowspan2": 1,
          "colspan1": 1,
          "colspan2": 2,
          "isenable": true
        },
        {
          "name": "Look under masks",
          "index": 2,
          "type": "Enum",
          "visible": false,
          "entries": [
            "none",
            "graphical",
            "functional",
            "all"
          ],
          "value": "all",
          "rowspan1": 1,
          "rowspan2": 1,
          "colspan1": 3,
          "colspan2": 4,
          "isenable": true
        }
      ],
      "originalnodeid": "_SYSTEM_By Task_hisl_ISO26262.simulink_mathworks.hism.hisl_0007",
      "ProductName": "Simulink; Simulink Check",
      "Severity": "Optional",
      "check": true,
      "iscompile": false,
      "isedittime": false,
      "isblockconstraint": false,
      "iconUri": "/toolbox/simulink/simulink/modeladvisor/private/no_compile_16.png",
      "checkid": "mathworks.hism.hisl_0007",
      "searchdata": "Check usage of For and While Iterator subsystems mathworks.hism.hisl_0007 hisl_0007: Usage of For Iterator or While Iterator subsystems\n\nIdentify sample time-dependent blocks in While and For Iterator subsystems.",
      "runStatus": "notRun",
      "parent": "SysRoot_Modeling Standards for ISO 26262_High-Integrity Systems_Simulink"
    },
    {
      "id": "SysRoot_Modeling Standards for ISO 26262_High-Integrity Systems_Simulink_mathworks.hism.hisl_0020",
      "label": "Check for blocks not recommended for C/C++ production code deployment",
      "enable": true,
      "CSHParameters": {
        "MapKey": "ma.hism",
        "TopicID": "mathworks.hism.hisl_0020"
      },
      "helpPath": "",
      "oldid": "_SYSTEM_By Task_hisl_ISO26262.simulink_mathworks.hism.hisl_0020",
      "oldparent": "_SYSTEM_By Task_hisl_ISO26262.simulink",
      "InputParametersCallback": false,
      "InputParametersLayoutGrid_row": 0,
      "InputParametersLayoutGrid_col": 0,
      "description": "hisl_0020: Blocks not recommended for MISRA C:2012 compliance\n\nIdentify blocks not supported by code generation or not recommended for C/C++ production code deployment.",
      "InputParameters": [
        {
          "name": "Follow links",
          "index": 1,
          "type": "Enum",
          "visible": false,
          "entries": [
            "on",
            "off"
          ],
          "value": "on",
          "rowspan1": 1,
          "rowspan2": 1,
          "colspan1": 1,
          "colspan2": 2,
          "isenable": true
        },
        {
          "name": "Look under masks",
          "index": 2,
          "type": "Enum",
          "visible": false,
          "entries": [
            "none",
            "graphical",
            "functional",
            "all"
          ],
          "value": "all",
          "rowspan1": 1,
          "rowspan2": 1,
          "colspan1": 3,
          "colspan2": 4,
          "isenable": true
        }
      ],
      "originalnodeid": "_SYSTEM_By Task_hisl_ISO26262.simulink_mathworks.hism.hisl_0020",
      "ProductName": "Simulink; Simulink Check",
      "Severity": "Optional",
      "check": true,
      "iscompile": false,
      "isedittime": false,
      "isblockconstraint": false,
      "iconUri": "/toolbox/simulink/simulink/modeladvisor/private/no_compile_16.png",
      "checkid": "mathworks.hism.hisl_0020",
      "searchdata": "Check for blocks not recommended for C/C++ production code deployment mathworks.hism.hisl_0020 hisl_0020: Blocks not recommended for MISRA C:2012 compliance\n\nIdentify blocks not supported by code generation or not recommended for C/C++ production code deployment.",
      "runStatus": "notRun",
      "parent": "SysRoot_Modeling Standards for ISO 26262_High-Integrity Systems_Simulink"
    },
    {
      "id": "SysRoot_Modeling Standards for ISO 26262_High-Integrity Systems_Simulink_mathworks.hism.hisl_0021",
      "label": "Check for inconsistent vector indexing methods",
      "enable": true,
      "CSHParameters": {
        "MapKey": "ma.hism",
        "TopicID": "mathworks.hism.hisl_0021"
      },
      "helpPath": "",
      "oldid": "_SYSTEM_By Task_hisl_ISO26262.simulink_mathworks.hism.hisl_0021",
      "oldparent": "_SYSTEM_By Task_hisl_ISO26262.simulink",
      "InputParametersCallback": false,
      "InputParametersLayoutGrid_row": 0,
      "InputParametersLayoutGrid_col": 0,
      "description": "hisl_0021: Consistent vector indexing method\n\nIdentify inconsistent usage of vector indexing methods across the model or subsystem.",
      "InputParameters": [
        {
          "name": "Check behavior",
          "index": 1,
          "type": "Enum",
          "visible": false,
          "entries": [
            "Check use of multiple indexing methods",
            "Use Zero-based indexing only",
            "Use One-based indexing only"
          ],
          "value": "Check use of multiple indexing methods",
          "rowspan1": 1,
          "rowspan2": 1,
          "colspan1": 1,
          "colspan2": 4,
          "isenable": true
        },
        {
          "name": "Follow links",
          "index": 2,
          "type": "Enum",
          "visible": false,
          "entries": [
            "on",
            "off"
          ],
          "value": "on",
          "rowspan1": 2,
          "rowspan2": 2,
          "colspan1": 1,
          "colspan2": 2,
          "isenable": true
        },
        {
          "name": "Look under masks",
          "index": 3,
          "type": "Enum",
          "visible": false,
          "entries": [
            "none",
            "graphical",
            "functional",
            "all"
          ],
          "value": "all",
          "rowspan1": 2,
          "rowspan2": 2,
          "colspan1": 3,
          "colspan2": 4,
          "isenable": true
        }
      ],
      "originalnodeid": "_SYSTEM_By Task_hisl_ISO26262.simulink_mathworks.hism.hisl_0021",
      "ProductName": "Simulink; Simulink Check; Stateflow",
      "Severity": "Optional",
      "check": true,
      "iscompile": false,
      "isedittime": false,
      "isblockconstraint": false,
      "iconUri": "/toolbox/simulink/simulink/modeladvisor/private/no_compile_16.png",
      "checkid": "mathworks.hism.hisl_0021",
      "searchdata": "Check for inconsistent vector indexing methods mathworks.hism.hisl_0021 hisl_0021: Consistent vector indexing method\n\nIdentify inconsistent usage of vector indexing methods across the model or subsystem.",
      "runStatus": "notRun",
      "parent": "SysRoot_Modeling Standards for ISO 26262_High-Integrity Systems_Simulink"
    },
    {
      "id": "SysRoot_Modeling Standards for ISO 26262_High-Integrity Systems_Simulink_mathworks.hism.hisl_0023",
      "label": "Check usage of variant blocks",
      "enable": true,
      "CSHParameters": {
        "MapKey": "ma.hism",
        "TopicID": "mathworks.hism.hisl_0023"
      },
      "helpPath": "",
      "oldid": "_SYSTEM_By Task_hisl_ISO26262.simulink_mathworks.hism.hisl_0023",
      "oldparent": "_SYSTEM_By Task_hisl_ISO26262.simulink",
      "InputParametersCallback": false,
      "InputParametersLayoutGrid_row": 0,
      "InputParametersLayoutGrid_col": 0,
      "description": "hisl_0023: Verification of model and subsystem variants\n\nCheck variant block settings that might result in code that doesn't trace back to requirements.",
      "InputParameters": [],
      "originalnodeid": "_SYSTEM_By Task_hisl_ISO26262.simulink_mathworks.hism.hisl_0023",
      "ProductName": "Simulink; Simulink Check",
      "Severity": "Optional",
      "check": true,
      "iscompile": false,
      "isedittime": false,
      "isblockconstraint": false,
      "iconUri": "/toolbox/simulink/simulink/modeladvisor/private/no_compile_16.png",
      "checkid": "mathworks.hism.hisl_0023",
      "searchdata": "Check usage of variant blocks mathworks.hism.hisl_0023 hisl_0023: Verification of model and subsystem variants\n\nCheck variant block settings that might result in code that doesn't trace back to requirements.",
      "runStatus": "notRun",
      "parent": "SysRoot_Modeling Standards for ISO 26262_High-Integrity Systems_Simulink"
    },
    {
      "id": "SysRoot_Modeling Standards for ISO 26262_High-Integrity Systems_Simulink_mathworks.hism.hisl_0033",
      "label": "Check usage of lookup table blocks",
      "enable": true,
      "CSHParameters": {
        "MapKey": "ma.hism",
        "TopicID": "mathworks.hism.hisl_0033"
      },
      "helpPath": "",
      "oldid": "_SYSTEM_By Task_hisl_ISO26262.simulink_mathworks.hism.hisl_0033",
      "oldparent": "_SYSTEM_By Task_hisl_ISO26262.simulink",
      "InputParametersCallback": false,
      "InputParametersLayoutGrid_row": 0,
      "InputParametersLayoutGrid_col": 0,
      "description": "hisl_0033: Usage of Lookup Table blocks\n\nCheck for Lookup Table blocks, Prelookup blocks and Interpolation blocks that do not generate out-of-range checking code.",
      "InputParameters": [
        {
          "name": "Follow links",
          "index": 1,
          "type": "Enum",
          "visible": false,
          "entries": [
            "on",
            "off"
          ],
          "value": "on",
          "rowspan1": 1,
          "rowspan2": 1,
          "colspan1": 1,
          "colspan2": 2,
          "isenable": true
        },
        {
          "name": "Look under masks",
          "index": 2,
          "type": "Enum",
          "visible": false,
          "entries": [
            "none",
            "graphical",
            "functional",
            "all"
          ],
          "value": "all",
          "rowspan1": 1,
          "rowspan2": 1,
          "colspan1": 3,
          "colspan2": 4,
          "isenable": true
        }
      ],
      "originalnodeid": "_SYSTEM_By Task_hisl_ISO26262.simulink_mathworks.hism.hisl_0033",
      "ProductName": "Simulink; Simulink Check",
      "Severity": "Optional",
      "check": true,
      "iscompile": false,
      "isedittime": false,
      "isblockconstraint": false,
      "iconUri": "/toolbox/simulink/simulink/modeladvisor/private/no_compile_16.png",
      "checkid": "mathworks.hism.hisl_0033",
      "searchdata": "Check usage of lookup table blocks mathworks.hism.hisl_0033 hisl_0033: Usage of Lookup Table blocks\n\nCheck for Lookup Table blocks, Prelookup blocks and Interpolation blocks that do not generate out-of-range checking code.",
      "runStatus": "notRun",
      "parent": "SysRoot_Modeling Standards for ISO 26262_High-Integrity Systems_Simulink"
    },
    {
      "id": "SysRoot_Modeling Standards for ISO 26262_High-Integrity Systems_Simulink_mathworks.hism.hisl_0024",
      "label": "Check for root Inports with missing properties",
      "enable": true,
      "CSHParameters": {
        "MapKey": "ma.hism",
        "TopicID": "mathworks.hism.hisl_0024"
      },
      "helpPath": "",
      "oldid": "_SYSTEM_By Task_hisl_ISO26262.simulink_mathworks.hism.hisl_0024",
      "oldparent": "_SYSTEM_By Task_hisl_ISO26262.simulink",
      "InputParametersCallback": false,
      "InputParametersLayoutGrid_row": 0,
      "InputParametersLayoutGrid_col": 0,
      "description": "hisl_0024: Inport interface definition\n\nIdentify Inport blocks in the top-level of the model with missing or inherited sample times, data types, or port dimensions. Inport block properties are specified with block parameters or Simulink signal data objects that explicitly resolve to the connected signal lines.",
      "InputParameters": [],
      "originalnodeid": "_SYSTEM_By Task_hisl_ISO26262.simulink_mathworks.hism.hisl_0024",
      "ProductName": "Simulink; Simulink Check",
      "Severity": "Optional",
      "check": true,
      "iscompile": false,
      "isedittime": false,
      "isblockconstraint": false,
      "iconUri": "/toolbox/simulink/simulink/modeladvisor/private/no_compile_16.png",
      "checkid": "mathworks.hism.hisl_0024",
      "searchdata": "Check for root Inports with missing properties mathworks.hism.hisl_0024 hisl_0024: Inport interface definition\n\nIdentify Inport blocks in the top-level of the model with missing or inherited sample times, data types, or port dimensions. Inport block properties are specified with block parameters or Simulink signal data objects that explicitly resolve to the connected signal lines.",
      "runStatus": "notRun",
      "parent": "SysRoot_Modeling Standards for ISO 26262_High-Integrity Systems_Simulink"
    },
    {
      "id": "SysRoot_Modeling Standards for ISO 26262_High-Integrity Systems_Simulink_mathworks.hism.hisl_0062",
      "label": "Check global variables in graphical functions",
      "enable": true,
      "CSHParameters": {
        "MapKey": "ma.hism",
        "TopicID": "mathworks.hism.hisl_0062"
      },
      "helpPath": "",
      "oldid": "_SYSTEM_By Task_hisl_ISO26262.simulink_mathworks.hism.hisl_0062",
      "oldparent": "_SYSTEM_By Task_hisl_ISO26262.simulink",
      "InputParametersCallback": false,
      "InputParametersLayoutGrid_row": 0,
      "InputParametersLayoutGrid_col": 0,
      "description": "hisl_0062: Global variables in graphical functions\n\nIdentify expressions that both read and write to the same global data.",
      "InputParameters": [
        {
          "name": "Follow links",
          "index": 1,
          "type": "Enum",
          "visible": false,
          "entries": [
            "on",
            "off"
          ],
          "value": "on",
          "rowspan1": 1,
          "rowspan2": 1,
          "colspan1": 1,
          "colspan2": 2,
          "isenable": true
        },
        {
          "name": "Look under masks",
          "index": 2,
          "type": "Enum",
          "visible": false,
          "entries": [
            "none",
            "graphical",
            "functional",
            "all"
          ],
          "value": "all",
          "rowspan1": 1,
          "rowspan2": 1,
          "colspan1": 3,
          "colspan2": 4,
          "isenable": true
        }
      ],
      "originalnodeid": "_SYSTEM_By Task_hisl_ISO26262.simulink_mathworks.hism.hisl_0062",
      "ProductName": "Simulink; Simulink Check",
      "Severity": "Optional",
      "check": true,
      "iscompile": false,
      "isedittime": false,
      "isblockconstraint": false,
      "iconUri": "/toolbox/simulink/simulink/modeladvisor/private/no_compile_16.png",
      "checkid": "mathworks.hism.hisl_0062",
      "searchdata": "Check global variables in graphical functions mathworks.hism.hisl_0062 hisl_0062: Global variables in graphical functions\n\nIdentify expressions that both read and write to the same global data.",
      "runStatus": "notRun",
      "parent": "SysRoot_Modeling Standards for ISO 26262_High-Integrity Systems_Simulink"
    },
    {
      "id": "SysRoot_Modeling Standards for ISO 26262_High-Integrity Systems_Simulink_mathworks.hism.hisl_0066",
      "label": "Check usage of Gain blocks",
      "enable": true,
      "CSHParameters": {
        "MapKey": "ma.hism",
        "TopicID": "mathworks.hism.hisl_0066"
      },
      "helpPath": "",
      "oldid": "_SYSTEM_By Task_hisl_ISO26262.simulink_mathworks.hism.hisl_0066",
      "oldparent": "_SYSTEM_By Task_hisl_ISO26262.simulink",
      "InputParametersCallback": false,
      "InputParametersLayoutGrid_row": 0,
      "InputParametersLayoutGrid_col": 0,
      "description": "hisl_0066: Usage of Gain blocks\n\nIdentify Gain blocks with value which resolves to 1.",
      "InputParameters": [
        {
          "name": "Follow links",
          "index": 1,
          "type": "Enum",
          "visible": false,
          "entries": [
            "on",
            "off"
          ],
          "value": "on",
          "rowspan1": 1,
          "rowspan2": 1,
          "colspan1": 1,
          "colspan2": 2,
          "isenable": true
        },
        {
          "name": "Look under masks",
          "index": 2,
          "type": "Enum",
          "visible": false,
          "entries": [
            "none",
            "graphical",
            "functional",
            "all"
          ],
          "value": "all",
          "rowspan1": 1,
          "rowspan2": 1,
          "colspan1": 3,
          "colspan2": 4,
          "isenable": true
        }
      ],
      "originalnodeid": "_SYSTEM_By Task_hisl_ISO26262.simulink_mathworks.hism.hisl_0066",
      "ProductName": "Simulink; Simulink Check",
      "Severity": "Optional",
      "check": true,
      "iscompile": false,
      "isedittime": false,
      "isblockconstraint": false,
      "iconUri": "/toolbox/simulink/simulink/modeladvisor/private/no_compile_16.png",
      "checkid": "mathworks.hism.hisl_0066",
      "searchdata": "Check usage of Gain blocks mathworks.hism.hisl_0066 hisl_0066: Usage of Gain blocks\n\nIdentify Gain blocks with value which resolves to 1.",
      "runStatus": "notRun",
      "parent": "SysRoot_Modeling Standards for ISO 26262_High-Integrity Systems_Simulink"
    },
    {
      "id": "SysRoot_Modeling Standards for ISO 26262_High-Integrity Systems_Stateflow_mathworks.hism.hisf_0001",
      "label": "Check state machine type of Stateflow charts",
      "enable": true,
      "CSHParameters": {
        "MapKey": "ma.hism",
        "TopicID": "mathworks.hism.hisf_0001"
      },
      "helpPath": "",
      "oldid": "_SYSTEM_By Task_hisl_ISO26262.stateflow_mathworks.hism.hisf_0001",
      "oldparent": "_SYSTEM_By Task_hisl_ISO26262.stateflow",
      "InputParametersCallback": false,
      "InputParametersLayoutGrid_row": 0,
      "InputParametersLayoutGrid_col": 0,
      "description": "hisf_0001: State Machine Type\n\nIdentify Stateflow Charts whose State Machine Type differs from the type set in the Model Advisor Configuration Editor.",
      "InputParameters": [
        {
          "name": "Follow links",
          "index": 1,
          "type": "Enum",
          "visible": false,
          "entries": [
            "on",
            "off"
          ],
          "value": "on",
          "rowspan1": 1,
          "rowspan2": 1,
          "colspan1": 1,
          "colspan2": 2,
          "isenable": true
        },
        {
          "name": "Look under masks",
          "index": 2,
          "type": "Enum",
          "visible": false,
          "entries": [
            "none",
            "graphical",
            "functional",
            "all"
          ],
          "value": "all",
          "rowspan1": 1,
          "rowspan2": 1,
          "colspan1": 3,
          "colspan2": 4,
          "isenable": true
        },
        {
          "name": "Desired state machine type",
          "index": 3,
          "type": "Enum",
          "visible": false,
          "entries": [
            "Classic",
            "Mealy",
            "Moore"
          ],
          "value": "Classic",
          "rowspan1": 2,
          "rowspan2": 2,
          "colspan1": 1,
          "colspan2": 2,
          "isenable": true
        }
      ],
      "originalnodeid": "_SYSTEM_By Task_hisl_ISO26262.stateflow_mathworks.hism.hisf_0001",
      "ProductName": "Simulink; Simulink Check; Stateflow",
      "Severity": "Optional",
      "check": true,
      "iscompile": false,
      "isedittime": false,
      "isblockconstraint": false,
      "iconUri": "/toolbox/simulink/simulink/modeladvisor/private/no_compile_16.png",
      "checkid": "mathworks.hism.hisf_0001",
      "searchdata": "Check state machine type of Stateflow charts mathworks.hism.hisf_0001 hisf_0001: State Machine Type\n\nIdentify Stateflow Charts whose State Machine Type differs from the type set in the Model Advisor Configuration Editor.",
      "runStatus": "notRun",
      "parent": "SysRoot_Modeling Standards for ISO 26262_High-Integrity Systems_Stateflow"
    },
    {
      "id": "SysRoot_Modeling Standards for ISO 26262_High-Integrity Systems_Stateflow_mathworks.hism.hisf_0002",
      "label": "Check Stateflow charts for ordering of states and transitions",
      "enable": true,
      "CSHParameters": {
        "MapKey": "ma.hism",
        "TopicID": "mathworks.hism.hisf_0002"
      },
      "helpPath": "",
      "oldid": "_SYSTEM_By Task_hisl_ISO26262.stateflow_mathworks.hism.hisf_0002",
      "oldparent": "_SYSTEM_By Task_hisl_ISO26262.stateflow",
      "InputParametersCallback": false,
      "InputParametersLayoutGrid_row": 0,
      "InputParametersLayoutGrid_col": 0,
      "description": "hisf_0002: User-specified state/transition execution order\n\nIdentify Stateflow charts that do not use explicit ordering of parallel states and transitions.",
      "InputParameters": [
        {
          "name": "Follow links",
          "index": 1,
          "type": "Enum",
          "visible": false,
          "entries": [
            "on",
            "off"
          ],
          "value": "on",
          "rowspan1": 1,
          "rowspan2": 1,
          "colspan1": 1,
          "colspan2": 2,
          "isenable": true
        },
        {
          "name": "Look under masks",
          "index": 2,
          "type": "Enum",
          "visible": false,
          "entries": [
            "none",
            "graphical",
            "functional",
            "all"
          ],
          "value": "all",
          "rowspan1": 1,
          "rowspan2": 1,
          "colspan1": 3,
          "colspan2": 4,
          "isenable": true
        }
      ],
      "originalnodeid": "_SYSTEM_By Task_hisl_ISO26262.stateflow_mathworks.hism.hisf_0002",
      "ProductName": "Simulink; Simulink Check; Stateflow",
      "Severity": "Optional",
      "check": true,
      "iscompile": false,
      "isedittime": false,
      "isblockconstraint": false,
      "iconUri": "/toolbox/simulink/simulink/modeladvisor/private/no_compile_16.png",
      "checkid": "mathworks.hism.hisf_0002",
      "searchdata": "Check Stateflow charts for ordering of states and transitions mathworks.hism.hisf_0002 hisf_0002: User-specified state/transition execution order\n\nIdentify Stateflow charts that do not use explicit ordering of parallel states and transitions.",
      "runStatus": "notRun",
      "parent": "SysRoot_Modeling Standards for ISO 26262_High-Integrity Systems_Stateflow"
    },
    {
      "id": "SysRoot_Modeling Standards for ISO 26262_High-Integrity Systems_Stateflow_mathworks.hism.hisf_0009",
      "label": "Check for Strong Data Typing with Simulink I/O",
      "enable": true,
      "CSHParameters": {
        "MapKey": "ma.hism",
        "TopicID": "mathworks.hism.hisf_0009"
      },
      "helpPath": "",
      "oldid": "_SYSTEM_By Task_hisl_ISO26262.stateflow_mathworks.hism.hisf_0009",
      "oldparent": "_SYSTEM_By Task_hisl_ISO26262.stateflow",
      "InputParametersCallback": false,
      "InputParametersLayoutGrid_row": 0,
      "InputParametersLayoutGrid_col": 0,
      "description": "hisf_0009: Strong data typing (Simulink and Stateflow boundary)\n\nVerify configuration settings for strong data typing on the boundaries between Simulink and Stateflow.",
      "InputParameters": [
        {
          "name": "Follow links",
          "index": 1,
          "type": "Enum",
          "visible": false,
          "entries": [
            "on",
            "off"
          ],
          "value": "on",
          "rowspan1": 1,
          "rowspan2": 1,
          "colspan1": 1,
          "colspan2": 2,
          "isenable": true
        },
        {
          "name": "Look under masks",
          "index": 2,
          "type": "Enum",
          "visible": false,
          "entries": [
            "none",
            "graphical",
            "functional",
            "all"
          ],
          "value": "all",
          "rowspan1": 1,
          "rowspan2": 1,
          "colspan1": 3,
          "colspan2": 4,
          "isenable": true
        }
      ],
      "originalnodeid": "_SYSTEM_By Task_hisl_ISO26262.stateflow_mathworks.hism.hisf_0009",
      "ProductName": "Simulink; Simulink Check; Stateflow",
      "Severity": "Optional",
      "check": true,
      "iscompile": false,
      "isedittime": false,
      "isblockconstraint": false,
      "iconUri": "/toolbox/simulink/simulink/modeladvisor/private/no_compile_16.png",
      "checkid": "mathworks.hism.hisf_0009",
      "searchdata": "Check for Strong Data Typing with Simulink I/O mathworks.hism.hisf_0009 hisf_0009: Strong data typing (Simulink and Stateflow boundary)\n\nVerify configuration settings for strong data typing on the boundaries between Simulink and Stateflow.",
      "runStatus": "notRun",
      "parent": "SysRoot_Modeling Standards for ISO 26262_High-Integrity Systems_Stateflow"
    },
    {
      "id": "SysRoot_Modeling Standards for ISO 26262_High-Integrity Systems_Stateflow_mathworks.hism.hisf_0013",
      "label": "Check Stateflow charts for transition paths that cross parallel state boundaries",
      "enable": true,
      "CSHParameters": {
        "MapKey": "ma.hism",
        "TopicID": "mathworks.hism.hisf_0013"
      },
      "helpPath": "",
      "oldid": "_SYSTEM_By Task_hisl_ISO26262.stateflow_mathworks.hism.hisf_0013",
      "oldparent": "_SYSTEM_By Task_hisl_ISO26262.stateflow",
      "InputParametersCallback": false,
      "InputParametersLayoutGrid_row": 0,
      "InputParametersLayoutGrid_col": 0,
      "description": "hisf_0013: Usage of transition paths (crossing parallel state boundaries)\n\nIdentify transition paths that cross parallel state boundaries in Stateflow charts.",
      "InputParameters": [
        {
          "name": "Follow links",
          "index": 1,
          "type": "Enum",
          "visible": false,
          "entries": [
            "on",
            "off"
          ],
          "value": "on",
          "rowspan1": 1,
          "rowspan2": 1,
          "colspan1": 1,
          "colspan2": 2,
          "isenable": true
        },
        {
          "name": "Look under masks",
          "index": 2,
          "type": "Enum",
          "visible": false,
          "entries": [
            "none",
            "graphical",
            "functional",
            "all"
          ],
          "value": "all",
          "rowspan1": 1,
          "rowspan2": 1,
          "colspan1": 3,
          "colspan2": 4,
          "isenable": true
        }
      ],
      "originalnodeid": "_SYSTEM_By Task_hisl_ISO26262.stateflow_mathworks.hism.hisf_0013",
      "ProductName": "Simulink; Simulink Check; Stateflow",
      "Severity": "Optional",
      "check": true,
      "iscompile": false,
      "isedittime": false,
      "isblockconstraint": false,
      "iconUri": "/toolbox/simulink/simulink/modeladvisor/private/no_compile_16.png",
      "checkid": "mathworks.hism.hisf_0013",
      "searchdata": "Check Stateflow charts for transition paths that cross parallel state boundaries mathworks.hism.hisf_0013 hisf_0013: Usage of transition paths (crossing parallel state boundaries)\n\nIdentify transition paths that cross parallel state boundaries in Stateflow charts.",
      "runStatus": "notRun",
      "parent": "SysRoot_Modeling Standards for ISO 26262_High-Integrity Systems_Stateflow"
    },
    {
      "id": "SysRoot_Modeling Standards for ISO 26262_High-Integrity Systems_Stateflow_mathworks.hism.hisf_0014",
      "label": "Check for inappropriate use of transition paths",
      "enable": true,
      "CSHParameters": {
        "MapKey": "ma.hism",
        "TopicID": "mathworks.hism.hisf_0014"
      },
      "helpPath": "",
      "oldid": "_SYSTEM_By Task_hisl_ISO26262.stateflow_mathworks.hism.hisf_0014",
      "oldparent": "_SYSTEM_By Task_hisl_ISO26262.stateflow",
      "InputParametersCallback": false,
      "InputParametersLayoutGrid_row": 0,
      "InputParametersLayoutGrid_col": 0,
      "description": "hisf_0014: Usage of transition paths (passing through states)\n\nIdentify transition paths that go into and out of a state without ending on a substate.",
      "InputParameters": [
        {
          "name": "Follow links",
          "index": 1,
          "type": "Enum",
          "visible": false,
          "entries": [
            "on",
            "off"
          ],
          "value": "on",
          "rowspan1": 1,
          "rowspan2": 1,
          "colspan1": 1,
          "colspan2": 2,
          "isenable": true
        },
        {
          "name": "Look under masks",
          "index": 2,
          "type": "Enum",
          "visible": false,
          "entries": [
            "none",
            "graphical",
            "functional",
            "all"
          ],
          "value": "all",
          "rowspan1": 1,
          "rowspan2": 1,
          "colspan1": 3,
          "colspan2": 4,
          "isenable": true
        }
      ],
      "originalnodeid": "_SYSTEM_By Task_hisl_ISO26262.stateflow_mathworks.hism.hisf_0014",
      "ProductName": "Simulink; Simulink Check; Stateflow",
      "Severity": "Optional",
      "check": true,
      "iscompile": false,
      "isedittime": false,
      "isblockconstraint": false,
      "iconUri": "/toolbox/simulink/simulink/modeladvisor/private/no_compile_16.png",
      "checkid": "mathworks.hism.hisf_0014",
      "searchdata": "Check for inappropriate use of transition paths mathworks.hism.hisf_0014 hisf_0014: Usage of transition paths (passing through states)\n\nIdentify transition paths that go into and out of a state without ending on a substate.",
      "runStatus": "notRun",
      "parent": "SysRoot_Modeling Standards for ISO 26262_High-Integrity Systems_Stateflow"
    },
    {
      "id": "SysRoot_Modeling Standards for ISO 26262_High-Integrity Systems_Stateflow_mathworks.hism.hisf_0016",
      "label": "Check naming of ports in Stateflow charts",
      "enable": true,
      "CSHParameters": {
        "MapKey": "ma.hism",
        "TopicID": "mathworks.hism.hisf_0016"
      },
      "helpPath": "",
      "oldid": "_SYSTEM_By Task_hisl_ISO26262.stateflow_mathworks.hism.hisf_0016",
      "oldparent": "_SYSTEM_By Task_hisl_ISO26262.stateflow",
      "InputParametersCallback": false,
      "InputParametersLayoutGrid_row": 0,
      "InputParametersLayoutGrid_col": 0,
      "description": "hisf_0016: Stateflow port names\n\nIdentify mismatches between names of Stateflow ports and associated signals.",
      "InputParameters": [
        {
          "name": "Follow links",
          "index": 1,
          "type": "Enum",
          "visible": false,
          "entries": [
            "on",
            "off"
          ],
          "value": "on",
          "rowspan1": 1,
          "rowspan2": 1,
          "colspan1": 1,
          "colspan2": 2,
          "isenable": true
        },
        {
          "name": "Look under masks",
          "index": 2,
          "type": "Enum",
          "visible": false,
          "entries": [
            "none",
            "graphical",
            "functional",
            "all"
          ],
          "value": "all",
          "rowspan1": 1,
          "rowspan2": 1,
          "colspan1": 3,
          "colspan2": 4,
          "isenable": true
        }
      ],
      "originalnodeid": "_SYSTEM_By Task_hisl_ISO26262.stateflow_mathworks.hism.hisf_0016",
      "ProductName": "Simulink; Simulink Check; Stateflow",
      "Severity": "Optional",
      "check": true,
      "iscompile": false,
      "isedittime": false,
      "isblockconstraint": false,
      "iconUri": "/toolbox/simulink/simulink/modeladvisor/private/no_compile_16.png",
      "checkid": "mathworks.hism.hisf_0016",
      "searchdata": "Check naming of ports in Stateflow charts mathworks.hism.hisf_0016 hisf_0016: Stateflow port names\n\nIdentify mismatches between names of Stateflow ports and associated signals.",
      "runStatus": "notRun",
      "parent": "SysRoot_Modeling Standards for ISO 26262_High-Integrity Systems_Stateflow"
    },
    {
      "id": "SysRoot_Modeling Standards for ISO 26262_High-Integrity Systems_Stateflow_mathworks.hism.hisf_0017",
      "label": "Check scoping of Stateflow data objects",
      "enable": true,
      "CSHParameters": {
        "MapKey": "ma.hism",
        "TopicID": "mathworks.hism.hisf_0017"
      },
      "helpPath": "",
      "oldid": "_SYSTEM_By Task_hisl_ISO26262.stateflow_mathworks.hism.hisf_0017",
      "oldparent": "_SYSTEM_By Task_hisl_ISO26262.stateflow",
      "InputParametersCallback": false,
      "InputParametersLayoutGrid_row": 0,
      "InputParametersLayoutGrid_col": 0,
      "description": "hisf_0017: Stateflow data object scoping\n\nIdentify Stateflow data objects with local scope that are not scoped at the chart level or below.",
      "InputParameters": [],
      "originalnodeid": "_SYSTEM_By Task_hisl_ISO26262.stateflow_mathworks.hism.hisf_0017",
      "ProductName": "Simulink; Simulink Check; Stateflow",
      "Severity": "Optional",
      "check": true,
      "iscompile": false,
      "isedittime": false,
      "isblockconstraint": false,
      "iconUri": "/toolbox/simulink/simulink/modeladvisor/private/no_compile_16.png",
      "checkid": "mathworks.hism.hisf_0017",
      "searchdata": "Check scoping of Stateflow data objects mathworks.hism.hisf_0017 hisf_0017: Stateflow data object scoping\n\nIdentify Stateflow data objects with local scope that are not scoped at the chart level or below.",
      "runStatus": "notRun",
      "parent": "SysRoot_Modeling Standards for ISO 26262_High-Integrity Systems_Stateflow"
    },
    {
      "id": "SysRoot_Modeling Standards for ISO 26262_High-Integrity Systems_Stateflow_mathworks.hism.hisl_0061",
      "label": "Check Stateflow charts for uniquely defined data objects",
      "enable": true,
      "CSHParameters": {
        "MapKey": "ma.hism",
        "TopicID": "mathworks.hism.hisl_0061"
      },
      "helpPath": "",
      "oldid": "_SYSTEM_By Task_hisl_ISO26262.stateflow_mathworks.hism.hisl_0061",
      "oldparent": "_SYSTEM_By Task_hisl_ISO26262.stateflow",
      "InputParametersCallback": false,
      "InputParametersLayoutGrid_row": 0,
      "InputParametersLayoutGrid_col": 0,
      "description": "hisl_0061: Unique identifiers for clarity\n\nIdentify local data identifiers that are defined in multiple scopes within a chart.",
      "InputParameters": [
        {
          "name": "Follow links",
          "index": 1,
          "type": "Enum",
          "visible": false,
          "entries": [
            "on",
            "off"
          ],
          "value": "on",
          "rowspan1": 1,
          "rowspan2": 1,
          "colspan1": 1,
          "colspan2": 2,
          "isenable": true
        },
        {
          "name": "Look under masks",
          "index": 2,
          "type": "Enum",
          "visible": false,
          "entries": [
            "none",
            "graphical",
            "functional",
            "all"
          ],
          "value": "all",
          "rowspan1": 1,
          "rowspan2": 1,
          "colspan1": 3,
          "colspan2": 4,
          "isenable": true
        }
      ],
      "originalnodeid": "_SYSTEM_By Task_hisl_ISO26262.stateflow_mathworks.hism.hisl_0061",
      "ProductName": "Simulink; Simulink Check; Stateflow",
      "Severity": "Optional",
      "check": true,
      "iscompile": false,
      "isedittime": false,
      "isblockconstraint": false,
      "iconUri": "/toolbox/simulink/simulink/modeladvisor/private/no_compile_16.png",
      "checkid": "mathworks.hism.hisl_0061",
      "searchdata": "Check Stateflow charts for uniquely defined data objects mathworks.hism.hisl_0061 hisl_0061: Unique identifiers for clarity\n\nIdentify local data identifiers that are defined in multiple scopes within a chart.",
      "runStatus": "notRun",
      "parent": "SysRoot_Modeling Standards for ISO 26262_High-Integrity Systems_Stateflow"
    },
    {
      "id": "SysRoot_Modeling Standards for ISO 26262_High-Integrity Systems_MATLAB_mathworks.hism.himl_0002",
      "label": "Check for MATLAB Function interfaces with inherited properties",
      "enable": true,
      "CSHParameters": {
        "MapKey": "ma.hism",
        "TopicID": "mathworks.hism.himl_0002"
      },
      "helpPath": "",
      "oldid": "_SYSTEM_By Task_hisl_ISO26262.matlab_mathworks.hism.himl_0002",
      "oldparent": "_SYSTEM_By Task_hisl_ISO26262.matlab",
      "InputParametersCallback": false,
      "InputParametersLayoutGrid_row": 0,
      "InputParametersLayoutGrid_col": 0,
      "description": "himl_0002: Strong data typing at MATLAB function boundaries\n\nIdentify MATLAB Functions that have inputs, outputs, or parameters with inherited complexity or data type properties.",
      "InputParameters": [
        {
          "name": "Check .m files referenced in the model",
          "index": 1,
          "type": "Bool",
          "visible": false,
          "entries": [],
          "value": true,
          "rowspan1": 1,
          "rowspan2": 1,
          "colspan1": 1,
          "colspan2": 4,
          "isenable": true
        },
        {
          "name": "Follow links",
          "index": 2,
          "type": "Enum",
          "visible": false,
          "entries": [
            "on",
            "off"
          ],
          "value": "on",
          "rowspan1": 2,
          "rowspan2": 2,
          "colspan1": 1,
          "colspan2": 2,
          "isenable": true
        },
        {
          "name": "Look under masks",
          "index": 3,
          "type": "Enum",
          "visible": false,
          "entries": [
            "none",
            "graphical",
            "functional",
            "all"
          ],
          "value": "all",
          "rowspan1": 2,
          "rowspan2": 2,
          "colspan1": 3,
          "colspan2": 4,
          "isenable": true
        }
      ],
      "originalnodeid": "_SYSTEM_By Task_hisl_ISO26262.matlab_mathworks.hism.himl_0002",
      "ProductName": "Simulink; Simulink Check; Stateflow",
      "Severity": "Optional",
      "check": true,
      "iscompile": false,
      "isedittime": false,
      "isblockconstraint": false,
      "iconUri": "/toolbox/simulink/simulink/modeladvisor/private/no_compile_16.png",
      "checkid": "mathworks.hism.himl_0002",
      "searchdata": "Check for MATLAB Function interfaces with inherited properties mathworks.hism.himl_0002 himl_0002: Strong data typing at MATLAB function boundaries\n\nIdentify MATLAB Functions that have inputs, outputs, or parameters with inherited complexity or data type properties.",
      "runStatus": "notRun",
      "parent": "SysRoot_Modeling Standards for ISO 26262_High-Integrity Systems_MATLAB"
    },
    {
      "id": "SysRoot_Modeling Standards for ISO 26262_High-Integrity Systems_MATLAB_mathworks.hism.himl_0003",
      "label": "Check MATLAB Function metrics",
      "enable": true,
      "CSHParameters": {
        "MapKey": "ma.hism",
        "TopicID": "mathworks.hism.himl_0003"
      },
      "helpPath": "",
      "oldid": "_SYSTEM_By Task_hisl_ISO26262.matlab_mathworks.hism.himl_0003",
      "oldparent": "_SYSTEM_By Task_hisl_ISO26262.matlab",
      "InputParametersCallback": false,
      "InputParametersLayoutGrid_row": 0,
      "InputParametersLayoutGrid_col": 0,
      "description": "himl_0003: Limitation of MATLAB function complexity\n\nIdentify MATLAB Functions that violate code and complexity metrics.",
      "InputParameters": [
        {
          "name": "Check .m files referenced in the model",
          "index": 1,
          "type": "Bool",
          "visible": false,
          "entries": [],
          "value": true,
          "rowspan1": 1,
          "rowspan2": 1,
          "colspan1": 1,
          "colspan2": 4,
          "isenable": true
        },
        {
          "name": "Follow links",
          "index": 2,
          "type": "Enum",
          "visible": false,
          "entries": [
            "on",
            "off"
          ],
          "value": "on",
          "rowspan1": 2,
          "rowspan2": 2,
          "colspan1": 1,
          "colspan2": 2,
          "isenable": true
        },
        {
          "name": "Look under masks",
          "index": 3,
          "type": "Enum",
          "visible": false,
          "entries": [
            "none",
            "graphical",
            "functional",
            "all"
          ],
          "value": "all",
          "rowspan1": 2,
          "rowspan2": 2,
          "colspan1": 3,
          "colspan2": 4,
          "isenable": true
        },
        {
          "name": "Maximum effective lines of code per function",
          "index": 4,
          "type": "String",
          "visible": false,
          "entries": [],
          "value": "60",
          "rowspan1": 3,
          "rowspan2": 3,
          "colspan1": 1,
          "colspan2": 4,
          "isenable": true
        },
        {
          "name": "Minimum density of comments",
          "index": 5,
          "type": "String",
          "visible": false,
          "entries": [],
          "value": "0.2",
          "rowspan1": 4,
          "rowspan2": 4,
          "colspan1": 1,
          "colspan2": 4,
          "isenable": true
        },
        {
          "name": "Maximum cyclomatic complexity per function",
          "index": 6,
          "type": "String",
          "visible": false,
          "entries": [],
          "value": "15",
          "rowspan1": 5,
          "rowspan2": 5,
          "colspan1": 1,
          "colspan2": 4,
          "isenable": true
        }
      ],
      "originalnodeid": "_SYSTEM_By Task_hisl_ISO26262.matlab_mathworks.hism.himl_0003",
      "ProductName": "Simulink; Simulink Check; Stateflow",
      "Severity": "Optional",
      "check": true,
      "iscompile": false,
      "isedittime": false,
      "isblockconstraint": false,
      "iconUri": "/toolbox/simulink/simulink/modeladvisor/private/no_compile_16.png",
      "checkid": "mathworks.hism.himl_0003",
      "searchdata": "Check MATLAB Function metrics mathworks.hism.himl_0003 himl_0003: Limitation of MATLAB function complexity\n\nIdentify MATLAB Functions that violate code and complexity metrics.",
      "runStatus": "notRun",
      "parent": "SysRoot_Modeling Standards for ISO 26262_High-Integrity Systems_MATLAB"
    },
    {
      "id": "SysRoot_Modeling Standards for ISO 26262_High-Integrity Systems_MATLAB_mathworks.hism.himl_0004",
      "label": "Check MATLAB Code Analyzer messages",
      "enable": true,
      "CSHParameters": {
        "MapKey": "ma.hism",
        "TopicID": "mathworks.hism.himl_0004"
      },
      "helpPath": "",
      "oldid": "_SYSTEM_By Task_hisl_ISO26262.matlab_mathworks.hism.himl_0004",
      "oldparent": "_SYSTEM_By Task_hisl_ISO26262.matlab",
      "InputParametersCallback": false,
      "InputParametersLayoutGrid_row": 0,
      "InputParametersLayoutGrid_col": 0,
      "description": "himl_0004: MATLAB Code Analyzer recommendations for code generation\n\nCheck MATLAB functions for %#codegen directive, MATLAB Code Analyzer messages, and justification message IDs.",
      "InputParameters": [
        {
          "name": "Check .m files referenced in the model",
          "index": 1,
          "type": "Bool",
          "visible": false,
          "entries": [],
          "value": true,
          "rowspan1": 1,
          "rowspan2": 1,
          "colspan1": 1,
          "colspan2": 4,
          "isenable": true
        },
        {
          "name": "Follow links",
          "index": 2,
          "type": "Enum",
          "visible": false,
          "entries": [
            "on",
            "off"
          ],
          "value": "on",
          "rowspan1": 2,
          "rowspan2": 2,
          "colspan1": 1,
          "colspan2": 2,
          "isenable": true
        },
        {
          "name": "Look under masks",
          "index": 3,
          "type": "Enum",
          "visible": false,
          "entries": [
            "none",
            "graphical",
            "functional",
            "all"
          ],
          "value": "all",
          "rowspan1": 2,
          "rowspan2": 2,
          "colspan1": 3,
          "colspan2": 4,
          "isenable": true
        }
      ],
      "originalnodeid": "_SYSTEM_By Task_hisl_ISO26262.matlab_mathworks.hism.himl_0004",
      "ProductName": "Simulink; Simulink Check; Stateflow",
      "Severity": "Optional",
      "check": true,
      "iscompile": false,
      "isedittime": false,
      "isblockconstraint": false,
      "iconUri": "/toolbox/simulink/simulink/modeladvisor/private/no_compile_16.png",
      "checkid": "mathworks.hism.himl_0004",
      "searchdata": "Check MATLAB Code Analyzer messages mathworks.hism.himl_0004 himl_0004: MATLAB Code Analyzer recommendations for code generation\n\nCheck MATLAB functions for %#codegen directive, MATLAB Code Analyzer messages, and justification message IDs.",
      "runStatus": "notRun",
      "parent": "SysRoot_Modeling Standards for ISO 26262_High-Integrity Systems_MATLAB"
    },
    {
      "id": "SysRoot_Modeling Standards for ISO 26262_High-Integrity Systems_MATLAB_mathworks.hism.himl_0006",
      "label": "Check if/elseif/else patterns in MATLAB Function blocks",
      "enable": true,
      "CSHParameters": {
        "MapKey": "ma.hism",
        "TopicID": "mathworks.hism.himl_0006"
      },
      "helpPath": "",
      "oldid": "_SYSTEM_By Task_hisl_ISO26262.matlab_mathworks.hism.himl_0006",
      "oldparent": "_SYSTEM_By Task_hisl_ISO26262.matlab",
      "InputParametersCallback": false,
      "InputParametersLayoutGrid_row": 0,
      "InputParametersLayoutGrid_col": 0,
      "description": "himl_0006: MATLAB code if / elseif / else patterns\n\nIdentify if/elseif/else patterns without appropriate else conditions in embedded MATLAB code.",
      "InputParameters": [
        {
          "name": "Check .m files referenced in the model",
          "index": 1,
          "type": "Bool",
          "visible": false,
          "entries": [],
          "value": true,
          "rowspan1": 1,
          "rowspan2": 1,
          "colspan1": 1,
          "colspan2": 4,
          "isenable": true
        },
        {
          "name": "Follow links",
          "index": 2,
          "type": "Enum",
          "visible": false,
          "entries": [
            "on",
            "off"
          ],
          "value": "on",
          "rowspan1": 2,
          "rowspan2": 2,
          "colspan1": 1,
          "colspan2": 2,
          "isenable": true
        },
        {
          "name": "Look under masks",
          "index": 3,
          "type": "Enum",
          "visible": false,
          "entries": [
            "none",
            "graphical",
            "functional",
            "all"
          ],
          "value": "all",
          "rowspan1": 2,
          "rowspan2": 2,
          "colspan1": 3,
          "colspan2": 4,
          "isenable": true
        }
      ],
      "originalnodeid": "_SYSTEM_By Task_hisl_ISO26262.matlab_mathworks.hism.himl_0006",
      "ProductName": "Simulink; Simulink Check; Stateflow",
      "Severity": "Optional",
      "check": true,
      "iscompile": false,
      "isedittime": false,
      "isblockconstraint": false,
      "iconUri": "/toolbox/simulink/simulink/modeladvisor/private/no_compile_16.png",
      "checkid": "mathworks.hism.himl_0006",
      "searchdata": "Check if/elseif/else patterns in MATLAB Function blocks mathworks.hism.himl_0006 himl_0006: MATLAB code if / elseif / else patterns\n\nIdentify if/elseif/else patterns without appropriate else conditions in embedded MATLAB code.",
      "runStatus": "notRun",
      "parent": "SysRoot_Modeling Standards for ISO 26262_High-Integrity Systems_MATLAB"
    },
    {
      "id": "SysRoot_Modeling Standards for ISO 26262_High-Integrity Systems_MATLAB_mathworks.hism.himl_0007",
      "label": "Check switch statements in MATLAB Function blocks",
      "enable": true,
      "CSHParameters": {
        "MapKey": "ma.hism",
        "TopicID": "mathworks.hism.himl_0007"
      },
      "helpPath": "",
      "oldid": "_SYSTEM_By Task_hisl_ISO26262.matlab_mathworks.hism.himl_0007",
      "oldparent": "_SYSTEM_By Task_hisl_ISO26262.matlab",
      "InputParametersCallback": false,
      "InputParametersLayoutGrid_row": 0,
      "InputParametersLayoutGrid_col": 0,
      "description": "himl_0007: MATLAB code switch / case / otherwise patterns\n\nIdentify inappropriately used switch statements in embedded MATLAB code.",
      "InputParameters": [
        {
          "name": "Check .m files referenced in the model",
          "index": 1,
          "type": "Bool",
          "visible": false,
          "entries": [],
          "value": true,
          "rowspan1": 1,
          "rowspan2": 1,
          "colspan1": 1,
          "colspan2": 4,
          "isenable": true
        },
        {
          "name": "Follow links",
          "index": 2,
          "type": "Enum",
          "visible": false,
          "entries": [
            "on",
            "off"
          ],
          "value": "on",
          "rowspan1": 2,
          "rowspan2": 2,
          "colspan1": 1,
          "colspan2": 2,
          "isenable": true
        },
        {
          "name": "Look under masks",
          "index": 3,
          "type": "Enum",
          "visible": false,
          "entries": [
            "none",
            "graphical",
            "functional",
            "all"
          ],
          "value": "all",
          "rowspan1": 2,
          "rowspan2": 2,
          "colspan1": 3,
          "colspan2": 4,
          "isenable": true
        }
      ],
      "originalnodeid": "_SYSTEM_By Task_hisl_ISO26262.matlab_mathworks.hism.himl_0007",
      "ProductName": "Simulink; Simulink Check; Stateflow",
      "Severity": "Optional",
      "check": true,
      "iscompile": false,
      "isedittime": false,
      "isblockconstraint": false,
      "iconUri": "/toolbox/simulink/simulink/modeladvisor/private/no_compile_16.png",
      "checkid": "mathworks.hism.himl_0007",
      "searchdata": "Check switch statements in MATLAB Function blocks mathworks.hism.himl_0007 himl_0007: MATLAB code switch / case / otherwise patterns\n\nIdentify inappropriately used switch statements in embedded MATLAB code.",
      "runStatus": "notRun",
      "parent": "SysRoot_Modeling Standards for ISO 26262_High-Integrity Systems_MATLAB"
    },
    {
      "id": "SysRoot_Modeling Standards for ISO 26262_High-Integrity Systems_Configuration_mathworks.hism.hisl_0037",
      "label": "Check safety-related model referencing settings",
      "enable": true,
      "CSHParameters": {
        "MapKey": "ma.hism",
        "TopicID": "mathworks.hism.hisl_0037"
      },
      "helpPath": "",
      "oldid": "_SYSTEM_By Task_hisl_ISO26262.configuration_mathworks.hism.hisl_0037",
      "oldparent": "_SYSTEM_By Task_hisl_ISO26262.configuration",
      "InputParametersCallback": false,
      "InputParametersLayoutGrid_row": 0,
      "InputParametersLayoutGrid_col": 0,
      "description": "hisl_0037: Model Referencing\n\nCheck model referencing settings in the model configuration that might impact safety.",
      "InputParameters": [],
      "originalnodeid": "_SYSTEM_By Task_hisl_ISO26262.configuration_mathworks.hism.hisl_0037",
      "ProductName": "Simulink; Simulink Check",
      "Severity": "Optional",
      "check": true,
      "iscompile": false,
      "isedittime": false,
      "isblockconstraint": false,
      "iconUri": "/toolbox/simulink/simulink/modeladvisor/private/no_compile_16.png",
      "checkid": "mathworks.hism.hisl_0037",
      "searchdata": "Check safety-related model referencing settings mathworks.hism.hisl_0037 hisl_0037: Model Referencing\n\nCheck model referencing settings in the model configuration that might impact safety.",
      "runStatus": "notRun",
      "parent": "SysRoot_Modeling Standards for ISO 26262_High-Integrity Systems_Configuration"
    },
    {
      "id": "SysRoot_Modeling Standards for ISO 26262_High-Integrity Systems_Configuration_mathworks.hism.hisl_0038",
      "label": "Check safety-related code generation settings for comments",
      "enable": true,
      "CSHParameters": {
        "MapKey": "ma.hism",
        "TopicID": "mathworks.hism.hisl_0038"
      },
      "helpPath": "",
      "oldid": "_SYSTEM_By Task_hisl_ISO26262.configuration_mathworks.hism.hisl_0038",
      "oldparent": "_SYSTEM_By Task_hisl_ISO26262.configuration",
      "InputParametersCallback": false,
      "InputParametersLayoutGrid_row": 0,
      "InputParametersLayoutGrid_col": 0,
      "description": "hisl_0038: Comments\n\nCheck code generation settings in the model configuration that apply comments and might impact safety.",
      "InputParameters": [],
      "originalnodeid": "_SYSTEM_By Task_hisl_ISO26262.configuration_mathworks.hism.hisl_0038",
      "ProductName": "Simulink; Simulink Check",
      "Severity": "Optional",
      "check": true,
      "iscompile": false,
      "isedittime": false,
      "isblockconstraint": false,
      "iconUri": "/toolbox/simulink/simulink/modeladvisor/private/no_compile_16.png",
      "checkid": "mathworks.hism.hisl_0038",
      "searchdata": "Check safety-related code generation settings for comments mathworks.hism.hisl_0038 hisl_0038: Comments\n\nCheck code generation settings in the model configuration that apply comments and might impact safety.",
      "runStatus": "notRun",
      "parent": "SysRoot_Modeling Standards for ISO 26262_High-Integrity Systems_Configuration"
    },
    {
      "id": "SysRoot_Modeling Standards for ISO 26262_High-Integrity Systems_Configuration_mathworks.hism.hisl_0040",
      "label": "Check safety-related solver settings for simulation time",
      "enable": true,
      "CSHParameters": {
        "MapKey": "ma.hism",
        "TopicID": "mathworks.hism.hisl_0040"
      },
      "helpPath": "",
      "oldid": "_SYSTEM_By Task_hisl_ISO26262.configuration_mathworks.hism.hisl_0040",
      "oldparent": "_SYSTEM_By Task_hisl_ISO26262.configuration",
      "InputParametersCallback": false,
      "InputParametersLayoutGrid_row": 0,
      "InputParametersLayoutGrid_col": 0,
      "description": "hisl_0040: Simulation time\n\nIdentify if the model Start time is set to 0 and Stop time is less than the Application Life Span.",
      "InputParameters": [],
      "originalnodeid": "_SYSTEM_By Task_hisl_ISO26262.configuration_mathworks.hism.hisl_0040",
      "ProductName": "Simulink; Simulink Check",
      "Severity": "Optional",
      "check": true,
      "iscompile": false,
      "isedittime": false,
      "isblockconstraint": false,
      "iconUri": "/toolbox/simulink/simulink/modeladvisor/private/no_compile_16.png",
      "checkid": "mathworks.hism.hisl_0040",
      "searchdata": "Check safety-related solver settings for simulation time mathworks.hism.hisl_0040 hisl_0040: Simulation time\n\nIdentify if the model Start time is set to 0 and Stop time is less than the Application Life Span.",
      "runStatus": "notRun",
      "parent": "SysRoot_Modeling Standards for ISO 26262_High-Integrity Systems_Configuration"
    },
    {
      "id": "SysRoot_Modeling Standards for ISO 26262_High-Integrity Systems_Configuration_mathworks.hism.hisl_0041",
      "label": "Check safety-related solver settings for solver options",
      "enable": true,
      "CSHParameters": {
        "MapKey": "ma.hism",
        "TopicID": "mathworks.hism.hisl_0041"
      },
      "helpPath": "",
      "oldid": "_SYSTEM_By Task_hisl_ISO26262.configuration_mathworks.hism.hisl_0041",
      "oldparent": "_SYSTEM_By Task_hisl_ISO26262.configuration",
      "InputParametersCallback": false,
      "InputParametersLayoutGrid_row": 0,
      "InputParametersLayoutGrid_col": 0,
      "description": "hisl_0041: Solver options\n\nCheck solver settings in the model configuration that apply to solvers and might impact safety.",
      "InputParameters": [],
      "originalnodeid": "_SYSTEM_By Task_hisl_ISO26262.configuration_mathworks.hism.hisl_0041",
      "ProductName": "Simulink; Simulink Check",
      "Severity": "Optional",
      "check": true,
      "iscompile": false,
      "isedittime": false,
      "isblockconstraint": false,
      "iconUri": "/toolbox/simulink/simulink/modeladvisor/private/no_compile_16.png",
      "checkid": "mathworks.hism.hisl_0041",
      "searchdata": "Check safety-related solver settings for solver options mathworks.hism.hisl_0041 hisl_0041: Solver options\n\nCheck solver settings in the model configuration that apply to solvers and might impact safety.",
      "runStatus": "notRun",
      "parent": "SysRoot_Modeling Standards for ISO 26262_High-Integrity Systems_Configuration"
    },
    {
      "id": "SysRoot_Modeling Standards for ISO 26262_High-Integrity Systems_Configuration_mathworks.hism.hisl_0042",
      "label": "Check safety-related solver settings for tasking and sample-time",
      "enable": true,
      "CSHParameters": {
        "MapKey": "ma.hism",
        "TopicID": "mathworks.hism.hisl_0042"
      },
      "helpPath": "",
      "oldid": "_SYSTEM_By Task_hisl_ISO26262.configuration_mathworks.hism.hisl_0042",
      "oldparent": "_SYSTEM_By Task_hisl_ISO26262.configuration",
      "InputParametersCallback": false,
      "InputParametersLayoutGrid_row": 0,
      "InputParametersLayoutGrid_col": 0,
      "description": "hisl_0042: Tasking and sample time options\n\nCheck solver settings in the model configuration that apply to tasking and sample-time constraints and might impact safety.",
      "InputParameters": [],
      "originalnodeid": "_SYSTEM_By Task_hisl_ISO26262.configuration_mathworks.hism.hisl_0042",
      "ProductName": "Simulink; Simulink Check",
      "Severity": "Optional",
      "check": true,
      "iscompile": false,
      "isedittime": false,
      "isblockconstraint": false,
      "iconUri": "/toolbox/simulink/simulink/modeladvisor/private/no_compile_16.png",
      "checkid": "mathworks.hism.hisl_0042",
      "searchdata": "Check safety-related solver settings for tasking and sample-time mathworks.hism.hisl_0042 hisl_0042: Tasking and sample time options\n\nCheck solver settings in the model configuration that apply to tasking and sample-time constraints and might impact safety.",
      "runStatus": "notRun",
      "parent": "SysRoot_Modeling Standards for ISO 26262_High-Integrity Systems_Configuration"
    },
    {
      "id": "SysRoot_Modeling Standards for ISO 26262_High-Integrity Systems_Configuration_mathworks.hism.hisl_0045",
      "label": "Check safety-related optimization settings for logic signals",
      "enable": true,
      "CSHParameters": {
        "MapKey": "ma.hism",
        "TopicID": "mathworks.hism.hisl_0045"
      },
      "helpPath": "",
      "oldid": "_SYSTEM_By Task_hisl_ISO26262.configuration_mathworks.hism.hisl_0045",
      "oldparent": "_SYSTEM_By Task_hisl_ISO26262.configuration",
      "InputParametersCallback": false,
      "InputParametersLayoutGrid_row": 0,
      "InputParametersLayoutGrid_col": 0,
      "description": "hisl_0045: Implement logic signals as Boolean data (vs. double)\n\nCheck optimization settings in the model configuration that apply to logic signals and might impact safety.",
      "InputParameters": [],
      "originalnodeid": "_SYSTEM_By Task_hisl_ISO26262.configuration_mathworks.hism.hisl_0045",
      "ProductName": "Simulink; Simulink Check",
      "Severity": "Optional",
      "check": true,
      "iscompile": false,
      "isedittime": false,
      "isblockconstraint": false,
      "iconUri": "/toolbox/simulink/simulink/modeladvisor/private/no_compile_16.png",
      "checkid": "mathworks.hism.hisl_0045",
      "searchdata": "Check safety-related optimization settings for logic signals mathworks.hism.hisl_0045 hisl_0045: Implement logic signals as Boolean data (vs. double)\n\nCheck optimization settings in the model configuration that apply to logic signals and might impact safety.",
      "runStatus": "notRun",
      "parent": "SysRoot_Modeling Standards for ISO 26262_High-Integrity Systems_Configuration"
    },
    {
      "id": "SysRoot_Modeling Standards for ISO 26262_High-Integrity Systems_Configuration_mathworks.hism.hisl_0052",
      "label": "Check safety-related optimization settings for data initialization",
      "enable": true,
      "CSHParameters": {
        "MapKey": "ma.hism",
        "TopicID": "mathworks.hism.hisl_0052"
      },
      "helpPath": "",
      "oldid": "_SYSTEM_By Task_hisl_ISO26262.configuration_mathworks.hism.hisl_0052",
      "oldparent": "_SYSTEM_By Task_hisl_ISO26262.configuration",
      "InputParametersCallback": false,
      "InputParametersLayoutGrid_row": 0,
      "InputParametersLayoutGrid_col": 0,
      "description": "hisl_0052: Data initialization\n\nCheck optimization settings in the model configuration that apply to data initialization and might impact safety.",
      "InputParameters": [],
      "originalnodeid": "_SYSTEM_By Task_hisl_ISO26262.configuration_mathworks.hism.hisl_0052",
      "ProductName": "Simulink; Simulink Check",
      "Severity": "Optional",
      "check": true,
      "iscompile": false,
      "isedittime": false,
      "isblockconstraint": false,
      "iconUri": "/toolbox/simulink/simulink/modeladvisor/private/no_compile_16.png",
      "checkid": "mathworks.hism.hisl_0052",
      "searchdata": "Check safety-related optimization settings for data initialization mathworks.hism.hisl_0052 hisl_0052: Data initialization\n\nCheck optimization settings in the model configuration that apply to data initialization and might impact safety.",
      "runStatus": "notRun",
      "parent": "SysRoot_Modeling Standards for ISO 26262_High-Integrity Systems_Configuration"
    },
    {
      "id": "SysRoot_Modeling Standards for ISO 26262_High-Integrity Systems_Configuration_mathworks.hism.hisl_0054",
      "label": "Check safety-related optimization settings for division arithmetic exceptions",
      "enable": true,
      "CSHParameters": {
        "MapKey": "ma.hism",
        "TopicID": "mathworks.hism.hisl_0054"
      },
      "helpPath": "",
      "oldid": "_SYSTEM_By Task_hisl_ISO26262.configuration_mathworks.hism.hisl_0054",
      "oldparent": "_SYSTEM_By Task_hisl_ISO26262.configuration",
      "InputParametersCallback": false,
      "InputParametersLayoutGrid_row": 0,
      "InputParametersLayoutGrid_col": 0,
      "description": "hisl_0054: Remove code that protects against division arithmetic exceptions\n\nCheck optimization settings in the model configuration that apply to division arithmetic exceptions and might impact safety.",
      "InputParameters": [],
      "originalnodeid": "_SYSTEM_By Task_hisl_ISO26262.configuration_mathworks.hism.hisl_0054",
      "ProductName": "Simulink; Simulink Check",
      "Severity": "Optional",
      "check": true,
      "iscompile": false,
      "isedittime": false,
      "isblockconstraint": false,
      "iconUri": "/toolbox/simulink/simulink/modeladvisor/private/no_compile_16.png",
      "checkid": "mathworks.hism.hisl_0054",
      "searchdata": "Check safety-related optimization settings for division arithmetic exceptions mathworks.hism.hisl_0054 hisl_0054: Remove code that protects against division arithmetic exceptions\n\nCheck optimization settings in the model configuration that apply to division arithmetic exceptions and might impact safety.",
      "runStatus": "notRun",
      "parent": "SysRoot_Modeling Standards for ISO 26262_High-Integrity Systems_Configuration"
    },
    {
      "id": "SysRoot_Modeling Standards for ISO 26262_High-Integrity Systems_Configuration_mathworks.hism.hisl_0056",
      "label": "Check safety-related optimization settings for specified minimum and maximum values",
      "enable": true,
      "CSHParameters": {
        "MapKey": "ma.hism",
        "TopicID": "mathworks.hism.hisl_0056"
      },
      "helpPath": "",
      "oldid": "_SYSTEM_By Task_hisl_ISO26262.configuration_mathworks.hism.hisl_0056",
      "oldparent": "_SYSTEM_By Task_hisl_ISO26262.configuration",
      "InputParametersCallback": false,
      "InputParametersLayoutGrid_row": 0,
      "InputParametersLayoutGrid_col": 0,
      "description": "hisl_0056: Optimize using the specified minimum and maximum values\n\nCheck optimization settings in the model configuration that apply to specified minimum and maximum values and might impact safety.",
      "InputParameters": [],
      "originalnodeid": "_SYSTEM_By Task_hisl_ISO26262.configuration_mathworks.hism.hisl_0056",
      "ProductName": "Simulink; Simulink Check",
      "Severity": "Optional",
      "check": true,
      "iscompile": false,
      "isedittime": false,
      "isblockconstraint": false,
      "iconUri": "/toolbox/simulink/simulink/modeladvisor/private/no_compile_16.png",
      "checkid": "mathworks.hism.hisl_0056",
      "searchdata": "Check safety-related optimization settings for specified minimum and maximum values mathworks.hism.hisl_0056 hisl_0056: Optimize using the specified minimum and maximum values\n\nCheck optimization settings in the model configuration that apply to specified minimum and maximum values and might impact safety.",
      "runStatus": "notRun",
      "parent": "SysRoot_Modeling Standards for ISO 26262_High-Integrity Systems_Configuration"
    },
    {
      "id": "SysRoot_Modeling Standards for ISO 26262_High-Integrity Systems_Configuration_mathworks.hism.hisl_0303",
      "label": "Check safety-related diagnostic settings for Merge blocks",
      "enable": true,
      "CSHParameters": {
        "MapKey": "ma.hism",
        "TopicID": "mathworks.hism.hisl_0303"
      },
      "helpPath": "",
      "oldid": "_SYSTEM_By Task_hisl_ISO26262.configuration_mathworks.hism.hisl_0303",
      "oldparent": "_SYSTEM_By Task_hisl_ISO26262.configuration",
      "InputParametersCallback": false,
      "InputParametersLayoutGrid_row": 0,
      "InputParametersLayoutGrid_col": 0,
      "description": "hisl_0303: Configuration Parameters > Diagnostics > Merge block\n\nCheck diagnostic settings in the model configuration that apply to Merge blocks and might impact safety.",
      "InputParameters": [],
      "originalnodeid": "_SYSTEM_By Task_hisl_ISO26262.configuration_mathworks.hism.hisl_0303",
      "ProductName": "Simulink; Simulink Check",
      "Severity": "Optional",
      "check": true,
      "iscompile": false,
      "isedittime": false,
      "isblockconstraint": false,
      "iconUri": "/toolbox/simulink/simulink/modeladvisor/private/no_compile_16.png",
      "checkid": "mathworks.hism.hisl_0303",
      "searchdata": "Check safety-related diagnostic settings for Merge blocks mathworks.hism.hisl_0303 hisl_0303: Configuration Parameters > Diagnostics > Merge block\n\nCheck diagnostic settings in the model configuration that apply to Merge blocks and might impact safety.",
      "runStatus": "notRun",
      "parent": "SysRoot_Modeling Standards for ISO 26262_High-Integrity Systems_Configuration"
    },
    {
      "id": "SysRoot_Modeling Standards for ISO 26262_High-Integrity Systems_Configuration_mathworks.hism.hisl_0304",
      "label": "Check safety-related diagnostic settings for model initialization",
      "enable": true,
      "CSHParameters": {
        "MapKey": "ma.hism",
        "TopicID": "mathworks.hism.hisl_0304"
      },
      "helpPath": "",
      "oldid": "_SYSTEM_By Task_hisl_ISO26262.configuration_mathworks.hism.hisl_0304",
      "oldparent": "_SYSTEM_By Task_hisl_ISO26262.configuration",
      "InputParametersCallback": false,
      "InputParametersLayoutGrid_row": 0,
      "InputParametersLayoutGrid_col": 0,
      "description": "hisl_0304: Configuration Parameters > Diagnostics > Model initialization\n\nCheck diagnostic settings in the model configuration that affect model initialization and might impact safety.",
      "InputParameters": [],
      "originalnodeid": "_SYSTEM_By Task_hisl_ISO26262.configuration_mathworks.hism.hisl_0304",
      "ProductName": "Simulink; Simulink Check",
      "Severity": "Optional",
      "check": true,
      "iscompile": false,
      "isedittime": false,
      "isblockconstraint": false,
      "iconUri": "/toolbox/simulink/simulink/modeladvisor/private/no_compile_16.png",
      "checkid": "mathworks.hism.hisl_0304",
      "searchdata": "Check safety-related diagnostic settings for model initialization mathworks.hism.hisl_0304 hisl_0304: Configuration Parameters > Diagnostics > Model initialization\n\nCheck diagnostic settings in the model configuration that affect model initialization and might impact safety.",
      "runStatus": "notRun",
      "parent": "SysRoot_Modeling Standards for ISO 26262_High-Integrity Systems_Configuration"
    },
    {
      "id": "SysRoot_Modeling Standards for ISO 26262_High-Integrity Systems_Configuration_mathworks.hism.hisl_0308",
      "label": "Check safety-related diagnostic settings that apply to function-call connectivity",
      "enable": true,
      "CSHParameters": {
        "MapKey": "ma.hism",
        "TopicID": "mathworks.hism.hisl_0308"
      },
      "helpPath": "",
      "oldid": "_SYSTEM_By Task_hisl_ISO26262.configuration_mathworks.hism.hisl_0308",
      "oldparent": "_SYSTEM_By Task_hisl_ISO26262.configuration",
      "InputParametersCallback": false,
      "InputParametersLayoutGrid_row": 0,
      "InputParametersLayoutGrid_col": 0,
      "description": "hisl_0308: Configuration Parameters > Diagnostics > Connectivity > Function calls\n\nCheck diagnostic settings in the model configuration that apply to function-call connectivity and might impact safety.",
      "InputParameters": [],
      "originalnodeid": "_SYSTEM_By Task_hisl_ISO26262.configuration_mathworks.hism.hisl_0308",
      "ProductName": "Simulink; Simulink Check",
      "Severity": "Optional",
      "check": true,
      "iscompile": false,
      "isedittime": false,
      "isblockconstraint": false,
      "iconUri": "/toolbox/simulink/simulink/modeladvisor/private/no_compile_16.png",
      "checkid": "mathworks.hism.hisl_0308",
      "searchdata": "Check safety-related diagnostic settings that apply to function-call connectivity mathworks.hism.hisl_0308 hisl_0308: Configuration Parameters > Diagnostics > Connectivity > Function calls\n\nCheck diagnostic settings in the model configuration that apply to function-call connectivity and might impact safety.",
      "runStatus": "notRun",
      "parent": "SysRoot_Modeling Standards for ISO 26262_High-Integrity Systems_Configuration"
    },
    {
      "id": "SysRoot_Modeling Standards for ISO 26262_High-Integrity Systems_Naming_mathworks.hism.hisl_0031",
      "label": "Check model file name",
      "enable": true,
      "CSHParameters": {
        "MapKey": "ma.hism",
        "TopicID": "mathworks.hism.hisl_0031"
      },
      "helpPath": "",
      "oldid": "_SYSTEM_By Task_hisl_ISO26262.naming_mathworks.hism.hisl_0031",
      "oldparent": "_SYSTEM_By Task_hisl_ISO26262.naming",
      "InputParametersCallback": false,
      "InputParametersLayoutGrid_row": 0,
      "InputParametersLayoutGrid_col": 0,
      "description": "hisl_0031: Model file names\n\nIdentify inappropriate characters and length issues in model file name.",
      "InputParameters": [],
      "originalnodeid": "_SYSTEM_By Task_hisl_ISO26262.naming_mathworks.hism.hisl_0031",
      "ProductName": "Simulink; Simulink Check",
      "Severity": "Optional",
      "check": true,
      "iscompile": false,
      "isedittime": false,
      "isblockconstraint": false,
      "iconUri": "/toolbox/simulink/simulink/modeladvisor/private/no_compile_16.png",
      "checkid": "mathworks.hism.hisl_0031",
      "searchdata": "Check model file name mathworks.hism.hisl_0031 hisl_0031: Model file names\n\nIdentify inappropriate characters and length issues in model file name.",
      "runStatus": "notRun",
      "parent": "SysRoot_Modeling Standards for ISO 26262_High-Integrity Systems_Naming"
    },
    {
      "id": "SysRoot_Modeling Standards for ISO 26262_High-Integrity Systems_Code_mathworks.misra.BlkSupport",
      "label": "Check for blocks not recommended for MISRA C:2012",
      "enable": true,
      "CSHParameters": {
        "MapKey": "ma.ecoder",
        "TopicID": "mathworks.misra.BlkSupport"
      },
      "helpPath": "",
      "oldid": "_SYSTEM_By Task_hisl_ISO26262.code_mathworks.misra.BlkSupport",
      "oldparent": "_SYSTEM_By Task_hisl_ISO26262.code",
      "InputParametersCallback": false,
      "InputParametersLayoutGrid_row": 0,
      "InputParametersLayoutGrid_col": 0,
      "description": "Identify blocks that are not recommended for MISRA C:2012 compliant code generation.",
      "InputParameters": [],
      "originalnodeid": "_SYSTEM_By Task_hisl_ISO26262.code_mathworks.misra.BlkSupport",
      "ProductName": "Simulink; Embedded Coder; Simulink Check",
      "Severity": "Optional",
      "check": true,
      "iscompile": false,
      "isedittime": true,
      "isblockconstraint": false,
      "iconUri": "/toolbox/simulink/simulink/modeladvisor/private/no_compile_16.png",
      "checkid": "mathworks.misra.BlkSupport",
      "searchdata": "Check for blocks not recommended for MISRA C:2012 mathworks.misra.BlkSupport Identify blocks that are not recommended for MISRA C:2012 compliant code generation. @edit_time_supported_check",
      "runStatus": "notRun",
      "parent": "SysRoot_Modeling Standards for ISO 26262_High-Integrity Systems_Code"
    }
  ]
}